order_id,order_date,customer_name,city,category,product_id,quantity,amount_inr,payment_mode,status,rating,amount_inr_capped
1,2026-03-09,Dev,Pune,Snacks & Beverages,13,5,175.0,UPI,Delivered,5.0,175.0
2,2026-05-22,Ayaan,Bengaluru,Snacks & Beverages,15,1,60.0,Debit Card,Delivered,5.0,60.0
3,2026-06-30,Yash,Bengaluru,Household Essentials,25,2,150.0,UPI,Delivered,2.0,150.0
4,2026-03-01,Sneha,Hyderabad,Snacks & Beverages,11,1,30.0,UPI,Delivered,4.0,30.0
5,2026-04-05,Rohit,Mumbai,Snacks & Beverages,14,2,220.0,Debit Card,Delivered,3.0,220.0
6,2026-06-05,Deepak,Mumbai,Bakery,30,1,65.0,Credit Card,Delivered,2.0,65.0
7,2026-03-11,Ananya,Pune,Personal Care,19,4,396.0,Wallet,Delivered,3.0,396.0
8,2026-01-09,Sneha,Hyderabad,Fruits & Vegetables,2,2,80.0,Debit Card,Delivered,1.0,80.0
9,2026-02-24,Aadhya,Hyderabad,Household Essentials,24,3,267.0,Cash on Delivery,Delivered,4.0,267.0
10,2026-03-05,Ishaan,Hyderabad,Snacks & Beverages,11,2,60.0,Wallet,Delivered,5.0,60.0
11,2026-04-03,Tara,Bengaluru,Household Essentials,25,4,300.0,Credit Card,Pending,,300.0
12,2026-01-24,Krishna,Mumbai,Household Essentials,21,4,80.0,UPI,Cancelled,,80.0
13,2026-06-24,Ishaan,Hyderabad,Bakery,27,2,140.0,Cash on Delivery,Delivered,4.0,140.0
14,2026-05-16,Aryan,Mumbai,Household Essentials,25,4,300.0,Debit Card,Pending,,300.0
15,2026-06-24,Aarav,Mumbai,Bakery,30,1,65.0,Wallet,Delivered,3.0,65.0
16,2026-02-10,Ayaan,Bengaluru,Snacks & Beverages,11,4,120.0,Cash on Delivery,Delivered,3.0,120.0
17,2026-01-28,Karan,Mumbai,Dairy & Eggs,7,5,450.0,Debit Card,Delivered,5.0,450.0
18,2026-04-06,Divya,Pune,Dairy & Eggs,8,2,168.0,Credit Card,Delivered,5.0,168.0
19,2026-05-06,Aarav,Mumbai,Household Essentials,25,3,225.0,UPI,Delivered,3.0,225.0
20,2026-03-03,Siya,Bengaluru,Dairy & Eggs,9,1,45.0,Wallet,Cancelled,,45.0
21,2026-05-17,Sai,Hyderabad,Household Essentials,21,1,20.0,Credit Card,Delivered,4.0,20.0
22,2026-05-16,Pooja,Bengaluru,Dairy & Eggs,7,3,270.0,Wallet,Delivered,2.0,270.0
23,2026-04-13,Nikhil,Pune,Dairy & Eggs,8,3,252.0,Debit Card,Delivered,5.0,252.0
24,2026-02-27,Nisha,Mumbai,Fruits & Vegetables,5,2,50.0,UPI,Delivered,5.0,50.0
25,2026-02-26,Pooja,Bengaluru,Dairy & Eggs,9,5,225.0,UPI,Delivered,1.0,225.0
26,2026-03-26,Kiara,Pune,Fruits & Vegetables,2,1,40.0,UPI,Delivered,3.0,40.0
27,2026-05-19,Vikram,Pune,Household Essentials,21,2,40.0,Credit Card,Delivered,5.0,40.0
28,2026-05-02,Neha,Mumbai,Personal Care,20,2,300.0,Cash on Delivery,Delivered,1.0,300.0
29,2026-04-19,Vikram,Pune,Personal Care,18,3,120.0,Cash on Delivery,Delivered,1.0,120.0
30,2026-01-16,Manish,Bengaluru,Bakery,29,1,85.0,Cash on Delivery,Delivered,1.0,85.0
31,2026-05-18,Myra,Bengaluru,Dairy & Eggs,8,2,168.0,Cash on Delivery,Delivered,2.0,168.0
32,2026-01-20,Navya,Hyderabad,Personal Care,19,2,198.0,Cash on Delivery,Delivered,5.0,198.0
33,2026-01-04,Reyansh,Pune,Fruits & Vegetables,2,5,200.0,UPI,Cancelled,,200.0
34,2026-05-05,Myra,Bengaluru,Dairy & Eggs,7,4,,Cash on Delivery,Delivered,4.0,
35,2026-01-01,Vihaan,Bengaluru,Dairy & Eggs,7,4,360.0,Cash on Delivery,Delivered,4.0,360.0
36,2026-06-19,Riya,Pune,Personal Care,18,5,,Cash on Delivery,Delivered,3.0,
37,2026-05-19,Aadhya,Hyderabad,Fruits & Vegetables,2,5,200.0,UPI,Delivered,1.0,200.0
38,2026-05-09,Vihaan,Bengaluru,Household Essentials,25,4,300.0,Wallet,Delivered,5.0,300.0
39,2026-06-02,Sai,Hyderabad,Dairy & Eggs,7,1,90.0,UPI,Delivered,2.0,90.0
40,2026-03-05,Zara,Hyderabad,Fruits & Vegetables,5,5,125.0,Wallet,Delivered,5.0,125.0
41,2026-05-25,Sai,Hyderabad,Personal Care,17,5,475.0,Wallet,Delivered,3.0,475.0
42,2026-03-03,Aadhya,Hyderabad,Bakery,29,3,255.0,Debit Card,Delivered,3.0,255.0
43,2026-01-03,Priya,Hyderabad,Snacks & Beverages,12,1,45.0,Cash on Delivery,Delivered,5.0,45.0
44,2026-02-24,Reyansh,Pune,Fruits & Vegetables,3,5,175.0,Wallet,Delivered,3.0,175.0
45,2026-03-14,Arjun,Mumbai,Dairy & Eggs,10,3,165.0,Credit Card,Delivered,5.0,165.0
46,2026-06-17,Kavya,Hyderabad,Snacks & Beverages,12,5,225.0,Wallet,Delivered,5.0,225.0
47,2026-02-04,Siya,Bengaluru,Bakery,29,1,85.0,Debit Card,Delivered,1.0,85.0
48,2026-03-11,Anjali,Bengaluru,Household Essentials,23,2,290.0,Debit Card,Delivered,3.0,290.0
49,2026-05-10,Aadhya,Hyderabad,Bakery,30,3,195.0,Cash on Delivery,Delivered,1.0,195.0
50,2026-03-12,Sai,Hyderabad,Bakery,27,4,280.0,UPI,Delivered,2.0,280.0
51,2026-04-24,Rohit,Mumbai,Snacks & Beverages,11,2,60.0,Wallet,Delivered,5.0,60.0
52,2026-06-26,Aarav,Mumbai,Fruits & Vegetables,5,1,25.0,Credit Card,Delivered,3.0,25.0
53,2026-04-21,Simran,Hyderabad,Household Essentials,23,2,290.0,Credit Card,Delivered,3.0,290.0
54,2026-06-24,Aditya,Pune,Snacks & Beverages,14,2,220.0,Credit Card,Delivered,3.0,220.0
55,2026-06-08,Sneha,Hyderabad,Household Essentials,24,4,356.0,Credit Card,Cancelled,,356.0
56,2026-04-16,Myra,Bengaluru,Dairy & Eggs,7,2,180.0,UPI,Delivered,3.0,180.0
57,2026-03-10,Meera,Pune,Bakery,29,2,170.0,Credit Card,Delivered,1.0,170.0
58,2026-02-26,Aryan,Mumbai,Fruits & Vegetables,1,4,200.0,Credit Card,Delivered,4.0,200.0
59,2026-02-27,Dev,Pune,Snacks & Beverages,12,2,90.0,UPI,Delivered,4.0,90.0
60,2026-03-13,Kabir,Hyderabad,Snacks & Beverages,11,1,30.0,Debit Card,Delivered,4.0,30.0
61,2026-01-08,Manish,Bengaluru,Household Essentials,22,3,390.0,UPI,Cancelled,,390.0
62,2026-03-09,Anika,Mumbai,Dairy & Eggs,7,5,450.0,UPI,Delivered,4.0,450.0
63,2026-06-05,Dev,Pune,Snacks & Beverages,12,4,180.0,Wallet,Delivered,5.0,180.0
64,2026-04-22,Saanvi,Mumbai,Dairy & Eggs,10,1,55.0,UPI,Delivered,5.0,55.0
65,2026-04-04,Manish,Bengaluru,Bakery,29,2,170.0,Cash on Delivery,Delivered,3.0,170.0
66,2026-03-18,Isha,Bengaluru,Snacks & Beverages,12,1,45.0,Wallet,Delivered,4.0,45.0
67,2026-05-22,Rohan,Mumbai,Personal Care,17,3,285.0,Credit Card,Delivered,4.0,285.0
68,2026-05-26,Manish,Bengaluru,Dairy & Eggs,7,5,450.0,Debit Card,Delivered,1.0,450.0
69,2026-04-21,Siya,Bengaluru,Snacks & Beverages,11,2,60.0,Wallet,Delivered,3.0,60.0
70,2026-06-22,Priya,Hyderabad,Personal Care,18,4,160.0,Credit Card,Delivered,2.0,160.0
71,2026-05-12,Vikram,Pune,Fruits & Vegetables,3,3,105.0,Wallet,Delivered,2.0,105.0
72,2026-02-20,Manish,Bengaluru,Snacks & Beverages,12,2,90.0,Credit Card,Delivered,2.0,90.0
73,2026-04-27,Aman,Pune,Bakery,26,1,45.0,Cash on Delivery,Cancelled,,45.0
74,2026-05-07,Neha,Mumbai,Dairy & Eggs,8,4,336.0,Cash on Delivery,Delivered,1.0,336.0
75,2026-02-26,Pallavi,Mumbai,Fruits & Vegetables,5,4,100.0,Credit Card,Delivered,5.0,100.0
76,2026-03-05,Priya,Hyderabad,Fruits & Vegetables,2,5,200.0,UPI,Delivered,4.0,200.0
77,2026-06-02,Vikram,Pune,Household Essentials,22,5,650.0,Debit Card,Pending,,552.5
78,2026-04-20,Nisha,Mumbai,Bakery,26,5,225.0,Wallet,Delivered,2.0,225.0
79,2026-03-08,Anjali,Bengaluru,Personal Care,20,4,600.0,Credit Card,Delivered,3.0,552.5
80,2026-06-10,Sneha,Hyderabad,Household Essentials,22,4,520.0,Credit Card,Delivered,1.0,520.0
81,2026-03-11,Kavya,Hyderabad,Snacks & Beverages,11,2,60.0,Debit Card,Delivered,5.0,60.0
82,2026-03-01,Sai,Hyderabad,Dairy & Eggs,6,2,120.0,Cash on Delivery,Delivered,2.0,120.0
83,2026-03-26,Arjun,Mumbai,Personal Care,17,4,380.0,Wallet,Delivered,1.0,380.0
84,2026-05-30,Aadhya,Hyderabad,Personal Care,17,4,380.0,UPI,Cancelled,,380.0
85,2026-05-03,Pallavi,Mumbai,Household Essentials,25,4,300.0,UPI,Cancelled,,300.0
86,2026-05-18,Siya,Bengaluru,Snacks & Beverages,15,4,240.0,Wallet,Delivered,2.0,240.0
87,2026-04-22,Rahul,Bengaluru,Dairy & Eggs,9,3,135.0,Cash on Delivery,Delivered,3.0,135.0
88,2026-02-12,Vikram,Pune,Bakery,30,4,260.0,Cash on Delivery,Cancelled,,260.0
89,2026-04-11,Isha,Bengaluru,Household Essentials,22,1,130.0,Wallet,Delivered,1.0,130.0
90,2026-02-04,Sai,Hyderabad,Bakery,28,4,480.0,Cash on Delivery,Delivered,3.0,480.0
91,2026-04-27,Aryan,Mumbai,Snacks & Beverages,12,2,90.0,Debit Card,Delivered,4.0,90.0
92,2026-01-21,Navya,Hyderabad,Personal Care,17,3,285.0,Cash on Delivery,Delivered,5.0,285.0
93,2026-06-16,Vihaan,Bengaluru,Snacks & Beverages,13,2,70.0,UPI,Delivered,1.0,70.0
94,2026-02-21,Pallavi,Mumbai,Fruits & Vegetables,1,2,100.0,UPI,Delivered,2.0,100.0
95,2026-05-25,Krishna,Mumbai,Personal Care,20,1,150.0,Credit Card,Delivered,3.0,150.0
96,2026-06-05,Sneha,Hyderabad,Snacks & Beverages,15,2,120.0,Wallet,Pending,,120.0
97,2026-03-21,Kavya,Hyderabad,Fruits & Vegetables,5,2,50.0,UPI,Delivered,3.0,50.0
98,2026-04-12,Neha,Mumbai,Bakery,30,4,260.0,Credit Card,Delivered,2.0,260.0
99,2026-01-31,Reyansh,Pune,Snacks & Beverages,12,5,225.0,Wallet,Delivered,3.0,225.0
100,2026-01-18,Nikhil,Pune,Personal Care,18,3,120.0,Wallet,Delivered,1.0,120.0
101,2026-04-21,Meera,Pune,Household Essentials,21,1,20.0,Debit Card,Delivered,4.0,20.0
102,2026-02-15,Kavya,Hyderabad,Dairy & Eggs,6,4,240.0,Wallet,Pending,,240.0
103,2026-05-04,Navya,Hyderabad,Bakery,26,5,225.0,Cash on Delivery,Delivered,5.0,225.0
104,2026-01-23,Navya,Hyderabad,Snacks & Beverages,12,2,90.0,Debit Card,Cancelled,,90.0
105,2026-06-06,Myra,Bengaluru,Personal Care,19,5,495.0,Cash on Delivery,Delivered,4.0,495.0
106,2026-02-24,Rohan,Mumbai,Dairy & Eggs,7,4,360.0,Debit Card,Delivered,3.0,360.0
107,2026-05-23,Navya,Hyderabad,Household Essentials,25,3,225.0,UPI,Delivered,2.0,225.0
108,2026-05-06,Sai,Hyderabad,Dairy & Eggs,9,4,180.0,Wallet,Delivered,4.0,180.0
109,2026-01-05,Sanjay,Hyderabad,Household Essentials,21,4,80.0,UPI,Delivered,4.0,80.0
110,2026-06-19,Deepak,Mumbai,Dairy & Eggs,10,3,165.0,Wallet,Delivered,5.0,165.0
111,2026-05-21,Varun,Hyderabad,Snacks & Beverages,13,4,140.0,Debit Card,Delivered,4.0,140.0
112,2026-03-01,Navya,Hyderabad,Snacks & Beverages,12,3,135.0,UPI,Delivered,3.0,135.0
113,2026-02-19,Ayaan,Bengaluru,Household Essentials,22,2,260.0,Credit Card,Delivered,3.0,260.0
114,2026-06-02,Shreya,Pune,Household Essentials,25,5,,Debit Card,Pending,,
115,2026-04-03,Saanvi,Mumbai,Snacks & Beverages,11,2,60.0,Credit Card,Delivered,5.0,60.0
116,2026-01-14,Krishna,Mumbai,Snacks & Beverages,11,1,30.0,Wallet,Delivered,2.0,30.0
117,2026-01-04,Rohit,Mumbai,Household Essentials,21,1,20.0,Wallet,Delivered,4.0,20.0
118,2026-01-14,Nisha,Mumbai,Snacks & Beverages,13,2,70.0,Debit Card,Cancelled,,70.0
119,2026-04-13,Aman,Pune,Fruits & Vegetables,5,1,25.0,Cash on Delivery,Delivered,1.0,25.0
120,2026-03-19,Ishaan,Hyderabad,Dairy & Eggs,6,5,300.0,UPI,Pending,,300.0
121,2026-06-05,Ayaan,Bengaluru,Household Essentials,23,4,580.0,Wallet,Delivered,2.0,552.5
122,2026-04-26,Sneha,Hyderabad,Household Essentials,22,4,520.0,Cash on Delivery,Delivered,5.0,520.0
123,2026-06-08,Tara,Bengaluru,Snacks & Beverages,12,5,225.0,UPI,Delivered,1.0,225.0
124,2026-03-09,Pallavi,Mumbai,Dairy & Eggs,8,2,168.0,UPI,Delivered,2.0,168.0
125,2026-01-01,Pooja,Bengaluru,Fruits & Vegetables,3,2,70.0,Cash on Delivery,Delivered,5.0,70.0
126,2026-03-01,Aman,Pune,Snacks & Beverages,11,1,30.0,Debit Card,Delivered,4.0,30.0
127,2026-03-09,Arjun,Mumbai,Bakery,30,2,130.0,Wallet,Delivered,2.0,130.0
128,2026-02-27,Tara,Bengaluru,Fruits & Vegetables,5,5,125.0,Credit Card,Cancelled,,125.0
129,2026-02-12,Ishaan,Hyderabad,Fruits & Vegetables,3,1,35.0,Debit Card,Delivered,5.0,35.0
130,2026-04-30,Riya,Pune,Personal Care,18,1,40.0,Debit Card,Delivered,3.0,40.0
131,2026-04-23,Karan,Mumbai,Household Essentials,23,4,580.0,UPI,Delivered,4.0,552.5
132,2026-03-06,Anjali,Bengaluru,Snacks & Beverages,12,5,225.0,UPI,Delivered,5.0,225.0
133,2026-05-28,Simran,Hyderabad,Fruits & Vegetables,1,3,150.0,UPI,Delivered,2.0,150.0
134,2026-03-13,Aman,Pune,Household Essentials,22,4,520.0,Credit Card,Pending,,520.0
135,2026-01-24,Tara,Bengaluru,Bakery,27,4,280.0,Cash on Delivery,Delivered,3.0,280.0
136,2026-02-11,Rohan,Mumbai,Bakery,29,1,85.0,Debit Card,Delivered,4.0,85.0
137,2026-05-21,Riya,Pune,Bakery,29,4,340.0,UPI,Delivered,3.0,340.0
138,2026-04-14,Anika,Mumbai,Snacks & Beverages,12,1,45.0,Wallet,Delivered,1.0,45.0
139,2026-04-16,Vikram,Pune,Household Essentials,23,4,580.0,UPI,Delivered,3.0,552.5
140,2026-01-14,Isha,Bengaluru,Household Essentials,21,4,80.0,Credit Card,Delivered,2.0,80.0
141,2026-02-01,Riya,Pune,Personal Care,18,4,160.0,UPI,Pending,,160.0
142,2026-03-21,Divya,Pune,Dairy & Eggs,9,2,90.0,Wallet,Delivered,4.0,90.0
143,2026-04-29,Sai,Hyderabad,Dairy & Eggs,9,1,45.0,UPI,Delivered,2.0,45.0
144,2026-06-30,Rahul,Bengaluru,Snacks & Beverages,11,5,150.0,Debit Card,Delivered,4.0,150.0
145,2026-05-22,Aman,Pune,Dairy & Eggs,10,4,220.0,Credit Card,Delivered,5.0,220.0
146,2026-03-12,Karan,Mumbai,Dairy & Eggs,6,1,60.0,Cash on Delivery,Delivered,5.0,60.0
147,2026-03-18,Navya,Hyderabad,Fruits & Vegetables,1,3,150.0,Wallet,Delivered,4.0,150.0
148,2026-05-04,Ishaan,Hyderabad,Personal Care,18,5,200.0,Debit Card,Delivered,5.0,200.0
149,2026-02-18,Aryan,Mumbai,Personal Care,18,3,120.0,Credit Card,Delivered,2.0,120.0
150,2026-03-23,Sneha,Hyderabad,Personal Care,17,1,95.0,Cash on Delivery,Delivered,4.0,95.0
151,2026-05-07,Aryan,Mumbai,Bakery,29,2,170.0,UPI,Delivered,5.0,170.0
152,2026-01-26,Kabir,Hyderabad,Fruits & Vegetables,4,4,720.0,Wallet,Cancelled,,552.5
153,2026-06-17,Aarav,Mumbai,Dairy & Eggs,6,4,240.0,Credit Card,Delivered,3.0,240.0
154,2026-06-16,Kabir,Hyderabad,Bakery,26,4,180.0,UPI,Cancelled,,180.0
155,2026-03-23,Manish,Bengaluru,Household Essentials,22,4,520.0,Cash on Delivery,Cancelled,,520.0
156,2026-03-02,Aditya,Pune,Bakery,26,1,45.0,Debit Card,Pending,,45.0
157,2026-01-26,Anjali,Bengaluru,Fruits & Vegetables,3,4,140.0,UPI,Delivered,3.0,140.0
158,2026-01-15,Vivaan,Hyderabad,Fruits & Vegetables,2,3,120.0,Debit Card,Delivered,4.0,120.0
159,2026-04-16,Ishaan,Hyderabad,Dairy & Eggs,10,5,275.0,Wallet,Delivered,2.0,275.0
160,2026-06-06,Ananya,Pune,Dairy & Eggs,7,1,90.0,Cash on Delivery,Delivered,2.0,90.0
161,2026-03-01,Rahul,Bengaluru,Household Essentials,25,2,150.0,Cash on Delivery,Delivered,4.0,150.0
162,2026-04-30,Anika,Mumbai,Bakery,29,1,85.0,Debit Card,Delivered,2.0,85.0
163,2026-05-31,Arjun,Mumbai,Personal Care,18,3,120.0,Debit Card,Delivered,4.0,120.0
164,2026-03-19,Deepak,Mumbai,Dairy & Eggs,10,4,220.0,Credit Card,Pending,,220.0
165,2026-04-08,Aman,Pune,Fruits & Vegetables,5,2,50.0,Wallet,Delivered,3.0,50.0
166,2026-06-18,Deepak,Mumbai,Snacks & Beverages,11,1,30.0,Cash on Delivery,Delivered,5.0,30.0
167,2026-05-08,Manish,Bengaluru,Fruits & Vegetables,2,5,200.0,Debit Card,Delivered,2.0,200.0
168,2026-06-12,Divya,Pune,Snacks & Beverages,14,2,220.0,Credit Card,Delivered,2.0,220.0
169,2026-03-21,Rohit,Mumbai,Fruits & Vegetables,4,1,180.0,Cash on Delivery,Delivered,3.0,180.0
170,2026-03-17,Shreya,Pune,Dairy & Eggs,6,1,60.0,Debit Card,Delivered,2.0,60.0
171,2026-04-04,Saanvi,Mumbai,Dairy & Eggs,6,5,300.0,Wallet,Delivered,3.0,300.0
172,2026-03-17,Ananya,Pune,Dairy & Eggs,10,4,220.0,Debit Card,Delivered,4.0,220.0
173,2026-06-23,Arjun,Mumbai,Dairy & Eggs,6,2,4800.0,Cash on Delivery,Pending,,552.5
174,2026-04-12,Pooja,Bengaluru,Snacks & Beverages,14,1,110.0,UPI,Delivered,1.0,110.0
175,2026-05-30,Priya,Hyderabad,Snacks & Beverages,15,3,180.0,Cash on Delivery,Delivered,3.0,180.0
176,2026-05-01,Reyansh,Pune,Bakery,30,2,130.0,UPI,Delivered,5.0,130.0
177,2026-06-15,Rohan,Mumbai,Bakery,26,2,90.0,UPI,Delivered,4.0,90.0
178,2026-01-30,Deepak,Mumbai,Snacks & Beverages,12,4,180.0,Credit Card,Delivered,1.0,180.0
179,2026-01-25,Siya,Bengaluru,Household Essentials,21,1,20.0,Credit Card,Cancelled,,20.0
180,2026-04-05,Krishna,Mumbai,Snacks & Beverages,15,4,240.0,Wallet,Delivered,2.0,240.0
181,2026-05-06,Meera,Pune,Bakery,29,1,85.0,Wallet,Delivered,3.0,85.0
182,2026-04-24,Aditya,Pune,Snacks & Beverages,15,2,120.0,Cash on Delivery,Pending,,120.0
183,2026-05-20,Yash,Bengaluru,Fruits & Vegetables,4,3,540.0,Debit Card,Delivered,3.0,540.0
184,2026-01-24,Saanvi,Mumbai,Fruits & Vegetables,5,4,100.0,Credit Card,Delivered,5.0,100.0
185,2026-03-04,Vivaan,Hyderabad,Fruits & Vegetables,2,3,120.0,Credit Card,Delivered,2.0,120.0
186,2026-05-31,Arjun,Mumbai,Household Essentials,23,2,290.0,Credit Card,Delivered,2.0,290.0
187,2026-01-01,Kabir,Hyderabad,Dairy & Eggs,6,5,300.0,Debit Card,Cancelled,,300.0
188,2026-03-06,Ishaan,Hyderabad,Dairy & Eggs,6,5,300.0,Credit Card,Delivered,1.0,300.0
189,2026-03-02,Krishna,Mumbai,Fruits & Vegetables,1,3,150.0,Wallet,Delivered,2.0,150.0
190,2026-04-18,Anika,Mumbai,Fruits & Vegetables,2,2,80.0,Wallet,Delivered,1.0,80.0
191,2026-05-12,Aman,Pune,Personal Care,18,3,120.0,Wallet,Delivered,5.0,120.0
192,2026-06-18,Kiara,Pune,Bakery,26,1,45.0,Wallet,Delivered,1.0,45.0
193,2026-04-20,Vihaan,Bengaluru,Personal Care,20,4,600.0,UPI,Delivered,4.0,552.5
194,2026-06-05,Arjun,Mumbai,Fruits & Vegetables,3,3,105.0,Credit Card,Delivered,3.0,105.0
195,2026-05-21,Isha,Bengaluru,Bakery,27,5,350.0,Debit Card,Delivered,5.0,350.0
196,2026-05-10,Varun,Hyderabad,Snacks & Beverages,11,4,120.0,Wallet,Delivered,1.0,120.0
197,2026-02-25,Sanjay,Hyderabad,Bakery,28,5,600.0,Cash on Delivery,Delivered,2.0,552.5
198,2026-04-13,Meera,Pune,Snacks & Beverages,13,4,140.0,Cash on Delivery,Delivered,3.0,140.0
199,2026-04-06,Tara,Bengaluru,Snacks & Beverages,12,3,5400.0,Credit Card,Delivered,4.0,552.5
200,2026-01-24,Arjun,Mumbai,Fruits & Vegetables,3,1,35.0,Cash on Delivery,Delivered,3.0,35.0
201,2026-05-31,Krishna,Mumbai,Household Essentials,23,1,145.0,Wallet,Delivered,1.0,145.0
202,2026-01-14,Meera,Pune,Snacks & Beverages,14,4,440.0,Debit Card,Delivered,3.0,440.0
203,2026-02-24,Reyansh,Pune,Household Essentials,25,5,375.0,Credit Card,Delivered,2.0,375.0
204,2026-04-05,Reyansh,Pune,Snacks & Beverages,13,5,175.0,UPI,Delivered,5.0,175.0
205,2026-06-09,Kiara,Pune,Personal Care,18,5,200.0,Wallet,Delivered,5.0,200.0
206,2026-01-08,Vivaan,Hyderabad,Bakery,26,3,135.0,Credit Card,Delivered,3.0,135.0
207,2026-02-16,Kabir,Hyderabad,Snacks & Beverages,13,1,35.0,Credit Card,Delivered,4.0,35.0
208,2026-01-24,Arjun,Mumbai,Dairy & Eggs,6,1,60.0,Wallet,Delivered,4.0,60.0
209,2026-04-05,Priya,Hyderabad,Snacks & Beverages,13,2,70.0,Debit Card,Delivered,5.0,70.0
210,2026-02-09,Divya,Pune,Fruits & Vegetables,3,1,35.0,Credit Card,Delivered,1.0,35.0
211,2026-04-24,Manish,Bengaluru,Fruits & Vegetables,3,3,105.0,Cash on Delivery,Delivered,4.0,105.0
212,2026-05-12,Meera,Pune,Snacks & Beverages,11,2,60.0,UPI,Delivered,1.0,60.0
213,2026-05-05,Riya,Pune,Bakery,30,5,325.0,Wallet,Delivered,1.0,325.0
214,2026-01-15,Kiara,Pune,Personal Care,16,5,1100.0,UPI,Delivered,2.0,552.5
215,2026-03-16,Sneha,Hyderabad,Dairy & Eggs,6,3,180.0,Debit Card,Delivered,4.0,180.0
216,2026-02-03,Anjali,Bengaluru,Personal Care,18,2,80.0,Cash on Delivery,Delivered,2.0,80.0
217,2026-01-19,Karan,Mumbai,Household Essentials,24,3,267.0,Cash on Delivery,Cancelled,,267.0
218,2026-04-28,Aditya,Pune,Personal Care,18,1,40.0,UPI,Cancelled,,40.0
219,2026-04-14,Neha,Mumbai,Personal Care,18,5,200.0,Cash on Delivery,Delivered,4.0,200.0
220,2026-06-08,Vivaan,Hyderabad,Snacks & Beverages,12,2,90.0,Cash on Delivery,Delivered,3.0,90.0
221,2026-03-04,Sai,Hyderabad,Personal Care,18,1,40.0,Cash on Delivery,Delivered,5.0,40.0
222,2026-03-28,Sai,Hyderabad,Personal Care,16,3,660.0,Credit Card,Delivered,2.0,552.5
223,2026-05-16,Arjun,Mumbai,Household Essentials,21,1,20.0,Wallet,Delivered,3.0,20.0
224,2026-03-02,Dev,Pune,Bakery,28,2,240.0,UPI,Delivered,2.0,240.0
225,2026-06-17,Diya,Bengaluru,Bakery,26,2,90.0,UPI,Delivered,4.0,90.0
226,2026-04-25,Priya,Hyderabad,Household Essentials,24,5,445.0,Wallet,Delivered,5.0,445.0
227,2026-02-08,Rohan,Mumbai,Bakery,27,3,210.0,Cash on Delivery,Delivered,4.0,210.0
228,2026-06-01,Rohit,Mumbai,Snacks & Beverages,12,3,135.0,UPI,Delivered,1.0,135.0
229,2026-01-10,Siya,Bengaluru,Personal Care,19,4,396.0,UPI,Delivered,3.0,396.0
230,2026-06-07,Arjun,Mumbai,Bakery,28,1,120.0,Wallet,Delivered,4.0,120.0
231,2026-04-26,Simran,Hyderabad,Household Essentials,23,1,145.0,Wallet,Delivered,3.0,145.0
232,2026-02-08,Divya,Pune,Personal Care,20,5,,UPI,Delivered,3.0,
233,2026-06-15,Kavya,Hyderabad,Fruits & Vegetables,3,5,175.0,Credit Card,Delivered,4.0,175.0
234,2026-06-06,Nisha,Mumbai,Household Essentials,22,5,650.0,Credit Card,Delivered,3.0,552.5
235,2026-06-23,Aryan,Mumbai,Personal Care,17,3,285.0,Wallet,Delivered,3.0,285.0
236,2026-05-23,Arjun,Mumbai,Snacks & Beverages,12,1,45.0,Cash on Delivery,Delivered,5.0,45.0
237,2026-05-30,Ishaan,Hyderabad,Snacks & Beverages,13,1,35.0,Credit Card,Cancelled,,35.0
238,2026-02-03,Siya,Bengaluru,Bakery,29,4,340.0,Wallet,Delivered,1.0,340.0
239,2026-06-14,Siya,Bengaluru,Household Essentials,24,4,356.0,Debit Card,Delivered,5.0,356.0
240,2026-05-11,Sai,Hyderabad,Bakery,28,4,480.0,Debit Card,Delivered,3.0,480.0
241,2026-05-05,Diya,Bengaluru,Dairy & Eggs,9,3,135.0,Credit Card,Delivered,2.0,135.0
242,2026-01-26,Ishaan,Hyderabad,Fruits & Vegetables,3,3,105.0,Wallet,Delivered,5.0,105.0
243,2026-06-08,Aditya,Pune,Bakery,29,3,255.0,Credit Card,Delivered,2.0,255.0
244,2026-02-12,Ananya,Pune,Dairy & Eggs,7,5,450.0,Cash on Delivery,Delivered,3.0,450.0
245,2026-06-06,Manish,Bengaluru,Dairy & Eggs,9,4,180.0,Debit Card,Delivered,4.0,180.0
246,2026-03-21,Kiara,Pune,Household Essentials,22,2,260.0,Cash on Delivery,Cancelled,,260.0
247,2026-04-23,Saanvi,Mumbai,Snacks & Beverages,15,5,300.0,Cash on Delivery,Delivered,4.0,300.0
248,2026-02-11,Karan,Mumbai,Household Essentials,22,4,520.0,Credit Card,Delivered,2.0,520.0
249,2026-04-06,Anika,Mumbai,Fruits & Vegetables,2,4,160.0,Wallet,Cancelled,,160.0
250,2026-03-14,Kavya,Hyderabad,Household Essentials,22,1,5200.0,UPI,Delivered,3.0,552.5
251,2026-04-22,Nisha,Mumbai,Household Essentials,21,2,40.0,UPI,Cancelled,,40.0
252,2026-01-07,Kiara,Pune,Personal Care,18,3,120.0,Cash on Delivery,Delivered,5.0,120.0
253,2026-01-21,Yash,Bengaluru,Dairy & Eggs,9,4,180.0,Debit Card,Delivered,3.0,180.0
254,2026-02-07,Reyansh,Pune,Bakery,28,3,360.0,Credit Card,Delivered,4.0,360.0
255,2026-04-25,Deepak,Mumbai,Dairy & Eggs,6,4,240.0,Wallet,Delivered,1.0,240.0
256,2026-02-08,Vivaan,Hyderabad,Dairy & Eggs,10,2,4400.0,Wallet,Cancelled,,552.5
257,2026-01-29,Divya,Pune,Household Essentials,22,4,520.0,Debit Card,Delivered,1.0,520.0
258,2026-06-13,Vihaan,Bengaluru,Dairy & Eggs,9,4,180.0,Wallet,Delivered,1.0,180.0
259,2026-01-05,Rahul,Bengaluru,Household Essentials,25,5,375.0,Wallet,Delivered,2.0,375.0
260,2026-06-07,Riya,Pune,Personal Care,18,1,40.0,Debit Card,Delivered,4.0,40.0
261,2026-05-15,Diya,Bengaluru,Bakery,29,1,85.0,Debit Card,Delivered,5.0,85.0
262,2026-05-22,Nikhil,Pune,Household Essentials,21,5,100.0,UPI,Delivered,4.0,100.0
263,2026-04-06,Aditya,Pune,Bakery,27,4,280.0,Debit Card,Delivered,3.0,280.0
264,2026-06-18,Arjun,Mumbai,Snacks & Beverages,13,2,70.0,UPI,Delivered,3.0,70.0
265,2026-05-20,Krishna,Mumbai,Fruits & Vegetables,2,3,120.0,Debit Card,Delivered,2.0,120.0
266,2026-06-28,Sneha,Hyderabad,Bakery,30,4,260.0,Cash on Delivery,Delivered,2.0,260.0
267,2026-03-17,Arjun,Mumbai,Personal Care,19,1,99.0,Credit Card,Delivered,2.0,99.0
268,2026-05-12,Aditya,Pune,Snacks & Beverages,12,3,135.0,Cash on Delivery,Pending,,135.0
269,2026-01-10,Nikhil,Pune,Personal Care,20,3,,Credit Card,Delivered,1.0,
270,2026-02-01,Sanjay,Hyderabad,Snacks & Beverages,12,3,135.0,Debit Card,Delivered,4.0,135.0
271,2026-03-28,Anjali,Bengaluru,Personal Care,18,4,160.0,Credit Card,Delivered,4.0,160.0
272,2026-01-22,Yash,Bengaluru,Household Essentials,22,3,390.0,Cash on Delivery,Delivered,5.0,390.0
273,2026-03-24,Diya,Bengaluru,Household Essentials,23,3,435.0,UPI,Delivered,3.0,435.0
274,2026-04-20,Siya,Bengaluru,Personal Care,18,5,200.0,Credit Card,Delivered,3.0,200.0
275,2026-06-07,Nisha,Mumbai,Fruits & Vegetables,2,3,120.0,Cash on Delivery,Delivered,1.0,120.0
276,2026-04-04,Arjun,Mumbai,Bakery,29,4,340.0,Wallet,Delivered,2.0,340.0
277,2026-06-23,Vivaan,Hyderabad,Dairy & Eggs,6,5,300.0,Cash on Delivery,Delivered,1.0,300.0
278,2026-04-03,Myra,Bengaluru,Bakery,28,3,360.0,Cash on Delivery,Cancelled,,360.0
279,2026-06-23,Aditya,Pune,Bakery,26,2,90.0,Cash on Delivery,Cancelled,,90.0
280,2026-05-27,Yash,Bengaluru,Personal Care,18,1,40.0,Credit Card,Delivered,4.0,40.0
281,2026-03-05,Rohan,Mumbai,Bakery,28,3,360.0,UPI,Delivered,2.0,360.0
282,2026-05-24,Rahul,Bengaluru,Household Essentials,22,4,520.0,UPI,Delivered,3.0,520.0
283,2026-06-06,Kavya,Hyderabad,Personal Care,18,2,80.0,Debit Card,Delivered,4.0,80.0
284,2026-01-19,Saanvi,Mumbai,Fruits & Vegetables,5,2,50.0,Cash on Delivery,Delivered,4.0,50.0
285,2026-06-20,Sai,Hyderabad,Bakery,30,3,195.0,Debit Card,Delivered,5.0,195.0
286,2026-02-10,Nikhil,Pune,Snacks & Beverages,11,3,90.0,Credit Card,Delivered,5.0,90.0
287,2026-02-05,Kiara,Pune,Fruits & Vegetables,5,2,50.0,Credit Card,Delivered,1.0,50.0
288,2026-04-05,Yash,Bengaluru,Household Essentials,23,5,,Cash on Delivery,Delivered,5.0,
289,2026-01-17,Krishna,Mumbai,Bakery,26,1,45.0,Debit Card,Delivered,4.0,45.0
290,2026-05-28,Varun,Hyderabad,Personal Care,17,4,380.0,UPI,Delivered,3.0,380.0
291,2026-04-30,Sanjay,Hyderabad,Fruits & Vegetables,3,4,140.0,Wallet,Delivered,5.0,140.0
292,2026-02-03,Rohit,Mumbai,Household Essentials,25,2,150.0,Cash on Delivery,Delivered,1.0,150.0
293,2026-03-19,Ayaan,Bengaluru,Household Essentials,22,2,260.0,Credit Card,Delivered,2.0,260.0
294,2026-01-21,Dev,Pune,Household Essentials,22,3,390.0,Debit Card,Delivered,5.0,390.0
295,2026-06-07,Navya,Hyderabad,Dairy & Eggs,6,3,180.0,Wallet,Delivered,2.0,180.0
296,2026-02-13,Simran,Hyderabad,Household Essentials,25,2,150.0,Wallet,Delivered,5.0,150.0
297,2026-01-08,Kabir,Hyderabad,Household Essentials,24,1,89.0,UPI,Delivered,5.0,89.0
298,2026-05-27,Anika,Mumbai,Bakery,28,2,240.0,Cash on Delivery,Delivered,1.0,240.0
299,2026-03-16,Rahul,Bengaluru,Bakery,27,5,350.0,Debit Card,Delivered,4.0,350.0
300,2026-06-26,Siya,Bengaluru,Personal Care,18,1,40.0,UPI,Delivered,4.0,40.0
301,2026-03-29,Aman,Pune,Personal Care,19,2,198.0,Wallet,Delivered,3.0,198.0
302,2026-02-03,Shreya,Pune,Snacks & Beverages,13,4,140.0,Debit Card,Delivered,1.0,140.0
303,2026-02-01,Rohan,Mumbai,Dairy & Eggs,9,4,180.0,Debit Card,Delivered,2.0,180.0
304,2026-04-09,Reyansh,Pune,Fruits & Vegetables,2,3,120.0,Wallet,Delivered,2.0,120.0
305,2026-02-18,Rohan,Mumbai,Household Essentials,25,3,,Credit Card,Delivered,5.0,
306,2026-05-08,Priya,Hyderabad,Household Essentials,21,3,60.0,UPI,Delivered,4.0,60.0
307,2026-02-25,Karan,Mumbai,Personal Care,19,2,198.0,Wallet,Delivered,1.0,198.0
308,2026-06-17,Riya,Pune,Household Essentials,21,5,100.0,Cash on Delivery,Delivered,1.0,100.0
309,2026-03-09,Reyansh,Pune,Personal Care,18,2,80.0,Debit Card,Delivered,3.0,80.0
310,2026-05-26,Aditya,Pune,Personal Care,16,1,220.0,Wallet,Delivered,5.0,220.0
311,2026-05-10,Riya,Pune,Fruits & Vegetables,3,4,140.0,Cash on Delivery,Delivered,3.0,140.0
312,2026-01-31,Isha,Bengaluru,Bakery,30,5,325.0,Credit Card,Pending,,325.0
313,2026-05-23,Zara,Hyderabad,Snacks & Beverages,15,3,180.0,Debit Card,Delivered,2.0,180.0
314,2026-05-09,Divya,Pune,Household Essentials,21,4,80.0,UPI,Delivered,2.0,80.0
315,2026-05-13,Kavya,Hyderabad,Snacks & Beverages,13,4,140.0,Cash on Delivery,Delivered,5.0,140.0
316,2026-03-23,Krishna,Mumbai,Snacks & Beverages,12,5,225.0,Credit Card,Delivered,5.0,225.0
317,2026-03-28,Anjali,Bengaluru,Snacks & Beverages,12,5,225.0,Wallet,Delivered,5.0,225.0
318,2026-05-02,Rahul,Bengaluru,Household Essentials,24,3,267.0,UPI,Delivered,1.0,267.0
319,2026-06-26,Meera,Pune,Household Essentials,25,3,225.0,UPI,Delivered,3.0,225.0
320,2026-02-28,Sanjay,Hyderabad,Household Essentials,25,5,375.0,UPI,Delivered,2.0,375.0
321,2026-04-08,Varun,Hyderabad,Bakery,27,5,350.0,Credit Card,Delivered,2.0,350.0
322,2026-02-18,Aditya,Pune,Household Essentials,24,1,89.0,UPI,Delivered,4.0,89.0
323,2026-04-16,Ishaan,Hyderabad,Personal Care,17,2,7600.0,Wallet,Delivered,4.0,552.5
324,2026-05-13,Anjali,Bengaluru,Fruits & Vegetables,2,2,80.0,Credit Card,Delivered,4.0,80.0
325,2026-02-14,Varun,Hyderabad,Snacks & Beverages,15,3,180.0,Cash on Delivery,Cancelled,,180.0
326,2026-06-23,Kabir,Hyderabad,Household Essentials,23,3,435.0,Debit Card,Delivered,2.0,435.0
327,2026-03-18,Myra,Bengaluru,Snacks & Beverages,11,5,150.0,Credit Card,Cancelled,,150.0
328,2026-06-26,Siya,Bengaluru,Snacks & Beverages,11,2,60.0,Cash on Delivery,Delivered,3.0,60.0
329,2026-02-01,Pooja,Bengaluru,Snacks & Beverages,11,3,90.0,Wallet,Delivered,4.0,90.0
330,2026-03-16,Zara,Hyderabad,Snacks & Beverages,13,2,70.0,UPI,Delivered,1.0,70.0
331,2026-05-03,Dev,Pune,Personal Care,18,3,120.0,Credit Card,Delivered,5.0,120.0
332,2026-02-05,Navya,Hyderabad,Household Essentials,24,3,267.0,UPI,Delivered,5.0,267.0
333,2026-06-21,Myra,Bengaluru,Dairy & Eggs,10,1,,Wallet,Delivered,2.0,
334,2026-03-26,Vihaan,Bengaluru,Fruits & Vegetables,4,4,720.0,Cash on Delivery,Delivered,2.0,552.5
335,2026-04-15,Aarav,Mumbai,Household Essentials,23,2,290.0,Cash on Delivery,Delivered,2.0,290.0
336,2026-03-15,Pallavi,Mumbai,Snacks & Beverages,11,3,90.0,UPI,Cancelled,,90.0
337,2026-03-01,Sai,Hyderabad,Bakery,28,5,600.0,Wallet,Delivered,1.0,552.5
338,2026-01-10,Diya,Bengaluru,Personal Care,17,2,190.0,Cash on Delivery,Delivered,2.0,190.0
339,2026-01-03,Anjali,Bengaluru,Snacks & Beverages,11,1,30.0,Debit Card,Delivered,1.0,30.0
340,2026-06-14,Kabir,Hyderabad,Snacks & Beverages,11,4,120.0,Wallet,Delivered,2.0,120.0
341,2026-02-19,Karan,Mumbai,Personal Care,19,3,297.0,UPI,Delivered,4.0,297.0
342,2026-01-04,Sanjay,Hyderabad,Dairy & Eggs,10,2,110.0,Debit Card,Delivered,5.0,110.0
343,2026-06-06,Manish,Bengaluru,Dairy & Eggs,8,2,168.0,Cash on Delivery,Delivered,5.0,168.0
344,2026-06-21,Rohan,Mumbai,Fruits & Vegetables,3,4,140.0,UPI,Delivered,2.0,140.0
345,2026-01-02,Aman,Pune,Snacks & Beverages,12,2,90.0,Debit Card,Delivered,4.0,90.0
346,2026-03-19,Pallavi,Mumbai,Snacks & Beverages,11,3,90.0,Wallet,Delivered,1.0,90.0
347,2026-06-27,Anika,Mumbai,Bakery,29,3,255.0,Credit Card,Delivered,1.0,255.0
348,2026-04-14,Priya,Hyderabad,Snacks & Beverages,12,2,90.0,Wallet,Cancelled,,90.0
349,2026-06-13,Kavya,Hyderabad,Snacks & Beverages,12,1,45.0,Debit Card,Delivered,2.0,45.0
350,2026-02-09,Kiara,Pune,Dairy & Eggs,6,4,240.0,Cash on Delivery,Delivered,5.0,240.0
351,2026-05-01,Yash,Bengaluru,Personal Care,17,5,475.0,Wallet,Delivered,2.0,475.0
352,2026-01-21,Pallavi,Mumbai,Dairy & Eggs,10,5,275.0,Wallet,Delivered,3.0,275.0
353,2026-01-16,Arjun,Mumbai,Household Essentials,24,1,89.0,Wallet,Cancelled,,89.0
354,2026-02-08,Saanvi,Mumbai,Household Essentials,24,5,445.0,Credit Card,Delivered,5.0,445.0
355,2026-05-30,Nisha,Mumbai,Fruits & Vegetables,5,2,50.0,Cash on Delivery,Delivered,5.0,50.0
356,2026-02-03,Nisha,Mumbai,Fruits & Vegetables,2,4,160.0,Wallet,Delivered,5.0,160.0
357,2026-06-22,Vihaan,Bengaluru,Household Essentials,24,4,356.0,Debit Card,Delivered,4.0,356.0
358,2026-05-29,Anika,Mumbai,Fruits & Vegetables,1,2,100.0,UPI,Delivered,3.0,100.0
359,2026-01-16,Deepak,Mumbai,Fruits & Vegetables,2,5,200.0,UPI,Pending,,200.0
360,2026-04-15,Aman,Pune,Fruits & Vegetables,1,3,150.0,Credit Card,Delivered,4.0,150.0
361,2026-04-07,Yash,Bengaluru,Snacks & Beverages,15,4,240.0,Cash on Delivery,Delivered,5.0,240.0
362,2026-01-31,Krishna,Mumbai,Bakery,29,3,255.0,Credit Card,Pending,,255.0
363,2026-02-27,Zara,Hyderabad,Household Essentials,22,2,260.0,UPI,Delivered,3.0,260.0
364,2026-04-19,Priya,Hyderabad,Bakery,30,5,325.0,Wallet,Delivered,2.0,325.0
365,2026-02-09,Myra,Bengaluru,Personal Care,19,3,297.0,Debit Card,Delivered,1.0,297.0
366,2026-06-07,Aditya,Pune,Bakery,29,4,,UPI,Delivered,1.0,
367,2026-04-25,Reyansh,Pune,Household Essentials,25,1,75.0,Wallet,Delivered,1.0,75.0
368,2026-04-23,Myra,Bengaluru,Fruits & Vegetables,2,4,160.0,Credit Card,Delivered,1.0,160.0
369,2026-03-01,Krishna,Mumbai,Household Essentials,21,3,60.0,Wallet,Delivered,5.0,60.0
370,2026-03-02,Sneha,Hyderabad,Bakery,30,3,195.0,Debit Card,Cancelled,,195.0
371,2026-04-16,Vikram,Pune,Household Essentials,22,2,260.0,Debit Card,Delivered,5.0,260.0
372,2026-05-23,Simran,Hyderabad,Dairy & Eggs,7,4,360.0,Cash on Delivery,Delivered,3.0,360.0
373,2026-05-15,Sanjay,Hyderabad,Bakery,29,4,340.0,Debit Card,Delivered,4.0,340.0
374,2026-02-17,Ishaan,Hyderabad,Snacks & Beverages,12,4,180.0,Wallet,Delivered,2.0,180.0
375,2026-01-15,Siya,Bengaluru,Dairy & Eggs,6,4,240.0,Wallet,Delivered,4.0,240.0
376,2026-04-10,Pooja,Bengaluru,Household Essentials,22,2,260.0,Credit Card,Delivered,3.0,260.0
377,2026-04-05,Sanjay,Hyderabad,Fruits & Vegetables,3,4,140.0,UPI,Delivered,2.0,140.0
378,2026-06-22,Vihaan,Bengaluru,Snacks & Beverages,11,4,120.0,Wallet,Delivered,1.0,120.0
379,2026-02-25,Saanvi,Mumbai,Household Essentials,25,5,375.0,Cash on Delivery,Delivered,3.0,375.0
380,2026-02-18,Siya,Bengaluru,Fruits & Vegetables,1,2,100.0,UPI,Delivered,4.0,100.0
381,2026-04-12,Myra,Bengaluru,Bakery,26,2,90.0,Credit Card,Delivered,3.0,90.0
382,2026-06-16,Aryan,Mumbai,Personal Care,19,5,495.0,Debit Card,Delivered,3.0,495.0
383,2026-01-26,Karan,Mumbai,Household Essentials,21,4,80.0,Cash on Delivery,Delivered,3.0,80.0
384,2026-04-16,Aadhya,Hyderabad,Snacks & Beverages,15,3,180.0,UPI,Delivered,2.0,180.0
385,2026-03-08,Anjali,Bengaluru,Dairy & Eggs,6,1,60.0,Wallet,Cancelled,,60.0
386,2026-02-09,Simran,Hyderabad,Personal Care,17,3,285.0,Credit Card,Delivered,4.0,285.0
387,2026-05-21,Neha,Mumbai,Dairy & Eggs,10,4,220.0,Debit Card,Delivered,4.0,220.0
388,2026-04-28,Shreya,Pune,Bakery,28,4,480.0,Credit Card,Delivered,3.0,480.0
389,2026-05-06,Ananya,Pune,Dairy & Eggs,6,5,300.0,Credit Card,Cancelled,,300.0
390,2026-05-15,Nikhil,Pune,Bakery,28,1,120.0,UPI,Delivered,1.0,120.0
391,2026-04-16,Vikram,Pune,Fruits & Vegetables,2,1,40.0,Credit Card,Delivered,2.0,40.0
392,2026-02-25,Arjun,Mumbai,Dairy & Eggs,6,1,60.0,Wallet,Delivered,1.0,60.0
393,2026-05-04,Isha,Bengaluru,Bakery,27,5,350.0,Cash on Delivery,Delivered,5.0,350.0
394,2026-01-05,Pooja,Bengaluru,Personal Care,17,1,95.0,Wallet,Delivered,5.0,95.0
395,2026-06-28,Riya,Pune,Fruits & Vegetables,1,5,250.0,Cash on Delivery,Delivered,2.0,250.0
396,2026-02-08,Reyansh,Pune,Fruits & Vegetables,4,5,900.0,Credit Card,Delivered,5.0,552.5
397,2026-04-12,Anika,Mumbai,Snacks & Beverages,14,3,330.0,UPI,Delivered,4.0,330.0
398,2026-06-28,Priya,Hyderabad,Household Essentials,24,2,178.0,Credit Card,Delivered,1.0,178.0
399,2026-01-24,Sanjay,Hyderabad,Bakery,28,1,120.0,Cash on Delivery,Delivered,5.0,120.0
400,2026-06-29,Aman,Pune,Fruits & Vegetables,2,1,40.0,Credit Card,Delivered,4.0,40.0
401,2026-01-25,Sanjay,Hyderabad,Snacks & Beverages,12,5,225.0,Wallet,Cancelled,,225.0
402,2026-05-02,Kiara,Pune,Dairy & Eggs,9,5,225.0,Debit Card,Delivered,1.0,225.0
403,2026-05-25,Manish,Bengaluru,Snacks & Beverages,11,5,150.0,UPI,Delivered,3.0,150.0
404,2026-02-06,Vivaan,Hyderabad,Dairy & Eggs,8,5,420.0,Cash on Delivery,Cancelled,,420.0
405,2026-03-03,Siya,Bengaluru,Dairy & Eggs,7,5,450.0,Wallet,Delivered,4.0,450.0
406,2026-04-09,Manish,Bengaluru,Household Essentials,23,3,435.0,Credit Card,Delivered,1.0,435.0
407,2026-01-26,Karan,Mumbai,Snacks & Beverages,13,1,35.0,Cash on Delivery,Delivered,1.0,35.0
408,2026-06-02,Kabir,Hyderabad,Bakery,26,5,225.0,Cash on Delivery,Pending,,225.0
409,2026-04-26,Rohan,Mumbai,Fruits & Vegetables,1,3,150.0,Cash on Delivery,Delivered,5.0,150.0
410,2026-06-24,Aryan,Mumbai,Personal Care,18,2,80.0,Wallet,Delivered,1.0,80.0
411,2026-03-05,Sneha,Hyderabad,Bakery,26,3,135.0,UPI,Delivered,2.0,135.0
412,2026-04-10,Aryan,Mumbai,Bakery,27,2,140.0,Debit Card,Delivered,1.0,140.0
413,2026-04-03,Aarav,Mumbai,Snacks & Beverages,12,4,180.0,Debit Card,Delivered,1.0,180.0
414,2026-05-23,Diya,Bengaluru,Personal Care,18,4,160.0,Wallet,Delivered,1.0,160.0
415,2026-05-22,Vivaan,Hyderabad,Fruits & Vegetables,3,3,,UPI,Delivered,3.0,
416,2026-04-16,Aryan,Mumbai,Fruits & Vegetables,1,3,150.0,Cash on Delivery,Delivered,5.0,150.0
417,2026-02-13,Myra,Bengaluru,Household Essentials,24,5,445.0,Cash on Delivery,Delivered,3.0,445.0
418,2026-02-07,Siya,Bengaluru,Snacks & Beverages,11,4,120.0,UPI,Delivered,3.0,120.0
419,2026-01-20,Meera,Pune,Snacks & Beverages,12,4,180.0,Debit Card,Delivered,2.0,180.0
420,2026-06-02,Shreya,Pune,Bakery,27,4,280.0,Wallet,Delivered,1.0,280.0
421,2026-04-12,Krishna,Mumbai,Snacks & Beverages,12,1,45.0,Debit Card,Delivered,4.0,45.0
422,2026-04-21,Kabir,Hyderabad,Personal Care,18,3,120.0,Wallet,Delivered,3.0,120.0
423,2026-03-22,Divya,Pune,Dairy & Eggs,8,4,336.0,Credit Card,Pending,,336.0
424,2026-05-28,Rohan,Mumbai,Snacks & Beverages,11,4,120.0,Credit Card,Delivered,3.0,120.0
425,2026-05-25,Zara,Hyderabad,Snacks & Beverages,14,1,110.0,Credit Card,Delivered,5.0,110.0
426,2026-01-07,Diya,Bengaluru,Bakery,30,5,325.0,Cash on Delivery,Cancelled,,325.0
427,2026-06-27,Aadhya,Hyderabad,Personal Care,18,3,120.0,UPI,Delivered,4.0,120.0
428,2026-06-12,Manish,Bengaluru,Household Essentials,21,2,40.0,Debit Card,Delivered,2.0,40.0
429,2026-01-19,Kavya,Hyderabad,Personal Care,18,4,160.0,Cash on Delivery,Pending,,160.0
430,2026-05-17,Aman,Pune,Household Essentials,25,4,300.0,Wallet,Cancelled,,300.0
431,2026-01-10,Deepak,Mumbai,Personal Care,17,5,475.0,Debit Card,Delivered,5.0,475.0
432,2026-01-28,Divya,Pune,Bakery,27,1,70.0,Credit Card,Delivered,3.0,70.0
433,2026-01-12,Ananya,Pune,Bakery,28,5,600.0,Wallet,Pending,,552.5
434,2026-03-26,Manish,Bengaluru,Bakery,28,4,480.0,Cash on Delivery,Delivered,1.0,480.0
435,2026-05-13,Anika,Mumbai,Dairy & Eggs,9,5,225.0,Wallet,Delivered,5.0,225.0
436,2026-04-11,Kiara,Pune,Personal Care,18,3,120.0,Cash on Delivery,Delivered,5.0,120.0
437,2026-03-30,Deepak,Mumbai,Household Essentials,21,2,40.0,UPI,Delivered,3.0,40.0
438,2026-02-06,Meera,Pune,Fruits & Vegetables,3,1,35.0,Debit Card,Delivered,4.0,35.0
439,2026-03-31,Aadhya,Hyderabad,Household Essentials,22,4,520.0,Cash on Delivery,Delivered,4.0,520.0
440,2026-01-12,Rohan,Mumbai,Fruits & Vegetables,2,3,120.0,UPI,Delivered,3.0,120.0
441,2026-03-04,Sanjay,Hyderabad,Fruits & Vegetables,5,2,50.0,Wallet,Delivered,2.0,50.0
442,2026-04-29,Kabir,Hyderabad,Household Essentials,24,4,356.0,Credit Card,Delivered,2.0,356.0
443,2026-04-12,Diya,Bengaluru,Bakery,27,4,280.0,UPI,Delivered,2.0,280.0
444,2026-04-10,Nisha,Mumbai,Household Essentials,25,4,300.0,UPI,Delivered,2.0,300.0
445,2026-01-27,Navya,Hyderabad,Fruits & Vegetables,2,5,200.0,Wallet,Delivered,3.0,200.0
446,2026-03-09,Saanvi,Mumbai,Personal Care,19,1,99.0,Cash on Delivery,Delivered,3.0,99.0
447,2026-04-11,Divya,Pune,Snacks & Beverages,15,5,300.0,Wallet,Delivered,3.0,300.0
448,2026-06-22,Priya,Hyderabad,Bakery,26,2,90.0,Debit Card,Cancelled,,90.0
449,2026-03-22,Simran,Hyderabad,Fruits & Vegetables,3,2,70.0,UPI,Delivered,1.0,70.0
450,2026-05-11,Diya,Bengaluru,Snacks & Beverages,15,2,120.0,Cash on Delivery,Delivered,2.0,120.0
451,2026-02-17,Neha,Mumbai,Snacks & Beverages,15,4,240.0,Cash on Delivery,Delivered,2.0,240.0
452,2026-03-15,Pooja,Bengaluru,Dairy & Eggs,7,4,360.0,Credit Card,Delivered,4.0,360.0
453,2026-01-03,Isha,Bengaluru,Fruits & Vegetables,2,3,120.0,Cash on Delivery,Delivered,4.0,120.0
454,2026-04-15,Pooja,Bengaluru,Household Essentials,21,4,80.0,Cash on Delivery,Delivered,4.0,80.0
455,2026-05-25,Rahul,Bengaluru,Dairy & Eggs,7,1,90.0,UPI,Delivered,2.0,90.0
456,2026-02-27,Riya,Pune,Fruits & Vegetables,1,3,150.0,Wallet,Delivered,4.0,150.0
457,2026-05-11,Neha,Mumbai,Household Essentials,21,5,100.0,UPI,Delivered,3.0,100.0
458,2026-05-19,Sneha,Hyderabad,Household Essentials,23,3,435.0,UPI,Delivered,4.0,435.0
459,2026-01-27,Nikhil,Pune,Dairy & Eggs,9,4,180.0,Credit Card,Delivered,1.0,180.0
460,2026-01-23,Nisha,Mumbai,Snacks & Beverages,11,3,90.0,Cash on Delivery,Cancelled,,90.0
461,2026-05-31,Ayaan,Bengaluru,Dairy & Eggs,9,2,90.0,Debit Card,Cancelled,,90.0
462,2026-02-12,Isha,Bengaluru,Bakery,27,4,280.0,Wallet,Delivered,2.0,280.0
463,2026-03-31,Aadhya,Hyderabad,Fruits & Vegetables,2,5,200.0,Wallet,Delivered,5.0,200.0
464,2026-03-16,Ananya,Pune,Snacks & Beverages,12,3,135.0,Wallet,Delivered,5.0,135.0
465,2026-04-16,Manish,Bengaluru,Fruits & Vegetables,4,2,360.0,UPI,Pending,,360.0
466,2026-03-05,Sanjay,Hyderabad,Dairy & Eggs,6,2,120.0,Credit Card,Delivered,2.0,120.0
467,2026-05-06,Pallavi,Mumbai,Bakery,30,4,260.0,Credit Card,Delivered,3.0,260.0
468,2026-04-26,Rohit,Mumbai,Personal Care,17,4,380.0,UPI,Delivered,1.0,380.0
469,2026-06-27,Zara,Hyderabad,Household Essentials,21,3,60.0,Debit Card,Delivered,4.0,60.0
470,2026-01-24,Rohan,Mumbai,Household Essentials,25,1,75.0,Cash on Delivery,Delivered,3.0,75.0
471,2026-02-25,Arjun,Mumbai,Household Essentials,22,4,520.0,Cash on Delivery,Delivered,4.0,520.0
472,2026-03-28,Navya,Hyderabad,Snacks & Beverages,12,3,135.0,Wallet,Delivered,5.0,135.0
473,2026-01-12,Rahul,Bengaluru,Snacks & Beverages,13,1,35.0,UPI,Delivered,4.0,35.0
474,2026-04-23,Vivaan,Hyderabad,Fruits & Vegetables,5,2,50.0,Cash on Delivery,Delivered,4.0,50.0
475,2026-02-10,Saanvi,Mumbai,Dairy & Eggs,6,3,180.0,Debit Card,Delivered,3.0,180.0
476,2026-06-20,Anika,Mumbai,Fruits & Vegetables,3,3,105.0,Credit Card,Delivered,3.0,105.0
477,2026-06-17,Shreya,Pune,Dairy & Eggs,9,4,180.0,UPI,Delivered,1.0,180.0
478,2026-02-03,Aadhya,Hyderabad,Personal Care,20,1,150.0,Wallet,Delivered,4.0,150.0
479,2026-01-31,Aarav,Mumbai,Fruits & Vegetables,1,3,150.0,Cash on Delivery,Delivered,4.0,150.0
480,2026-01-23,Arjun,Mumbai,Dairy & Eggs,9,4,180.0,UPI,Delivered,3.0,180.0
481,2026-02-04,Siya,Bengaluru,Dairy & Eggs,6,4,240.0,Credit Card,Delivered,5.0,240.0
482,2026-04-23,Aarav,Mumbai,Bakery,26,2,90.0,Debit Card,Delivered,2.0,90.0
483,2026-02-25,Meera,Pune,Bakery,26,4,180.0,UPI,Cancelled,,180.0
484,2026-04-09,Krishna,Mumbai,Fruits & Vegetables,5,5,125.0,Debit Card,Pending,,125.0
485,2026-03-12,Rohan,Mumbai,Dairy & Eggs,6,2,120.0,UPI,Delivered,5.0,120.0
486,2026-06-26,Divya,Pune,Bakery,26,3,135.0,UPI,Delivered,3.0,135.0
487,2026-05-11,Aadhya,Hyderabad,Household Essentials,22,5,650.0,Credit Card,Delivered,3.0,552.5
488,2026-05-07,Sanjay,Hyderabad,Fruits & Vegetables,2,2,80.0,Cash on Delivery,Delivered,4.0,80.0
489,2026-05-16,Rohit,Mumbai,Household Essentials,25,1,75.0,UPI,Pending,,75.0
490,2026-05-26,Rohan,Mumbai,Dairy & Eggs,6,4,240.0,Cash on Delivery,Delivered,2.0,240.0
491,2026-01-05,Pallavi,Mumbai,Personal Care,19,1,99.0,Wallet,Delivered,3.0,99.0
492,2026-04-12,Aadhya,Hyderabad,Fruits & Vegetables,2,1,40.0,Wallet,Delivered,5.0,40.0
493,2026-06-29,Sneha,Hyderabad,Personal Care,17,4,380.0,Cash on Delivery,Delivered,5.0,380.0
494,2026-03-13,Nikhil,Pune,Bakery,26,2,90.0,UPI,Delivered,5.0,90.0
495,2026-03-25,Aadhya,Hyderabad,Dairy & Eggs,6,5,300.0,Cash on Delivery,Delivered,1.0,300.0
496,2026-01-15,Siya,Bengaluru,Personal Care,18,2,80.0,Credit Card,Delivered,4.0,80.0
497,2026-06-05,Ayaan,Bengaluru,Personal Care,18,5,200.0,UPI,Delivered,2.0,200.0
498,2026-06-29,Ayaan,Bengaluru,Fruits & Vegetables,1,2,100.0,UPI,Delivered,3.0,100.0
499,2026-02-12,Varun,Hyderabad,Household Essentials,22,3,390.0,Debit Card,Delivered,3.0,390.0
500,2026-03-27,Shreya,Pune,Fruits & Vegetables,5,1,25.0,Cash on Delivery,Delivered,1.0,25.0
